<?xml version="1.0" encoding="UTF-8"?>
<project-private xmlns="http://www.netbeans.org/ns/project-private/1">
    <editor-bookmarks xmlns="http://www.netbeans.org/ns/editor-bookmarks/2" lastBookmarkId="0"/>
    <open-files xmlns="http://www.netbeans.org/ns/projectui-open-files/2">
        <group>
            <file>file:/C:/Users/34608/Documents/2020_AD_P1_Warship_auto/src/pkg2020_ad_p1_warship/Boat.java</file>
            <file>file:/C:/Users/34608/Documents/2020_AD_P1_Warship_auto/src/pkg2020_ad_p1_warship/Board.java</file>
            <file>file:/C:/Users/34608/Documents/2020_AD_P1_Warship_auto/src/pkg2020_ad_p1_warship/WarShip.java</file>
        </group>
    </open-files>
</project-private>
